﻿<?xml version="1.0" encoding="utf-8"?>
<ImportExportXml xmlns:xsi="http://www.w3.org/2001/XMLSchema-instance" xmlns:xsd="http://www.w3.org/2001/XMLSchema" version="9.1.0.24350" SolutionPackageVersion="9.1" languagecode="1033" generatedBy="CrmLive">
  <SolutionManifest>
    <UniqueName>US1000IMPORT</UniqueName>
    <LocalizedNames />
    <RootComponents>
      <RootComponent schemaName="contact" type="1" behavior="2" />
      <RootComponent schemaName="govcdm_eeocasecontact" type="1" behavior="2" />
      <RootComponent schemaName="govcdm_eeoinformalcomplaint" type="1" behavior="2" />
    </RootComponents>
    <Descriptions />
    <Version>1.0.0.1</Version>
    <Managed>0</Managed>
    <Publisher>
      <UniqueName>DefaultPublishere2sandbox</UniqueName>
      <LocalizedNames />
      <Descriptions />
      <CustomizationPrefix>new</CustomizationPrefix>
      <CustomizationOptionValuePrefix>10000</CustomizationOptionValuePrefix>
      <Addresses />
    </Publisher>
    <MissingDependencies />
  </SolutionManifest>
</ImportExportXml>