<ImportExportXml xmlns:xsi="http://www.w3.org/2001/XMLSchema-instance">
  <Entities>
    <Entity>
      <Name LocalizedName="Contact" OriginalName="">Contact</Name>
      <EntityInfo>
        <entity Name="Contact" unmodified="1">
          <attributes />
        </entity>
      </EntityInfo>
      <FormXml>
        <forms type="taskBasedForm">
          <systemform unmodified="1">
            <formid>{26843818-6508-4afe-9342-5fae2ebf15ca}</formid>
            <IntroducedVersion>8.0.0.0</IntroducedVersion>
            <FormPresentation>0</FormPresentation>
            <FormActivationState>1</FormActivationState>
            <form>
              <hiddencontrols />
              <tabs>
                <tab verticallayout="true" id="{c610debb-05fc-462e-9ec5-8ed646b3e585}" name="step_2" locklevel="0" expanded="true">
                  <labels>
                    <label description="Personal Information" languagecode="1033" />
                  </labels>
                  <tabheader id="{837323dc-5c7a-4560-bc76-678bc7936cbe}">
                    <rows />
                  </tabheader>
                  <tabfooter id="{19fca1d0-7453-4f7f-a2df-fce4085aee40}">
                    <rows>
                      <row>
                        <cell id="{c08851fb-434b-48ce-879c-f57b7af3cd60}">
                          <labels>
                            <label description="Next" languagecode="1033" />
                          </labels>
                          <control id="c610debb-05fc-462e-9ec5-8ed646b3e585_next" datafieldname="c610debb-05fc-462e-9ec5-8ed646b3e585_next" classid="{00ad73da-bd4d-49c6-88a8-2f4f4cad4a20}" isunbound="true" />
                        </cell>
                      </row>
                    </rows>
                  </tabfooter>
                  <columns>
                    <column width="100%">
                      <sections>
                        <section showbar="false" columns="1" id="{5619cf68-1293-472a-b988-f4f5bdb2f3da}" name="step_2_section1">
                          <labels>
                            <label description="Basic Information" languagecode="1033" />
                          </labels>
                          <rows>
                            <row>
                              <cell id="{e6d92425-0d3b-41bc-a85d-8d305d99d9f3}" showlabel="true" visible="true">
                                <labels>
                                  <label description="First Name" languagecode="1033" />
                                </labels>
                                <control id="firstname" classid="{4273edbd-ac1d-40d3-9fb2-095c621b552d}" datafieldname="firstname" disabled="false" />
                              </cell>
                            </row>
                            <row>
                              <cell id="{9c161690-7174-6a67-db6c-334230a4612c}" showlabel="true" visible="true">
                                <labels>
                                  <label description="Middle Name" languagecode="1033" />
                                </labels>
                                <control id="middlename" classid="{4273edbd-ac1d-40d3-9fb2-095c621b552d}" datafieldname="middlename" disabled="false" />
                              </cell>
                            </row>
                            <row>
                              <cell id="{a11529c4-bd0a-435e-58c8-2647ad6ea8a2}" showlabel="true" visible="true">
                                <labels>
                                  <label description="Last Name" languagecode="1033" />
                                </labels>
                                <control id="lastname" classid="{4273edbd-ac1d-40d3-9fb2-095c621b552d}" datafieldname="lastname" disabled="false" />
                              </cell>
                            </row>
                          </rows>
                        </section>
                        <section showbar="false" columns="1" id="{9fd7b424-7795-4623-8e90-6aa8f5f2934e}" name="step_2_section2">
                          <labels>
                            <label description="Communication Information" languagecode="1033" />
                          </labels>
                          <rows>
                            <row>
                              <cell id="{ae849ac6-d002-873b-d947-89cc71d16d5c}" showlabel="true" visible="true">
                                <labels>
                                  <label description="Email" languagecode="1033" />
                                </labels>
                                <control id="emailaddress1" classid="{ada2203e-b4cd-49be-9ddf-234642b43b52}" datafieldname="emailaddress1" disabled="false" />
                              </cell>
                            </row>
                            <row>
                              <cell id="{314a7e40-3da0-6cb0-40a9-64add288c619}" showlabel="true" visible="true">
                                <labels>
                                  <label description="Mobile Phone" languagecode="1033" />
                                </labels>
                                <control id="mobilephone" classid="{4273edbd-ac1d-40d3-9fb2-095c621b552d}" datafieldname="mobilephone" disabled="false" />
                              </cell>
                            </row>
                          </rows>
                        </section>
                        <section showbar="false" columns="1" id="{6f4cdfd0-2482-4a31-91c3-449349fb69e8}" name="step_2_section2_2">
                          <labels>
                            <label description="Personal Information" languagecode="1033" />
                          </labels>
                          <rows>
                            <row>
                              <cell id="{02c65396-6149-b769-385d-cc34c3e7c982}" showlabel="true" visible="true">
                                <labels>
                                  <label description="Married" languagecode="1033" />
                                </labels>
                                <control id="familystatuscode" classid="{3ef39988-22bb-4f0b-bbbe-64b5a3748aee}" datafieldname="familystatuscode" disabled="false" />
                              </cell>
                            </row>
                            <row>
                              <cell id="{60cc3ed2-74ad-7ac3-915a-6bc70187dda4}" showlabel="true" visible="true">
                                <labels>
                                  <label description="Spouse Name" languagecode="1033" />
                                </labels>
                                <control id="spousesname" classid="{4273edbd-ac1d-40d3-9fb2-095c621b552d}" datafieldname="spousesname" disabled="false" />
                              </cell>
                            </row>
                            <row>
                              <cell id="{295c3899-b185-1506-1618-b5a4cb39206c}" showlabel="true" visible="true">
                                <labels>
                                  <label description="Birthday" languagecode="1033" />
                                </labels>
                                <control id="birthdate" classid="{5b773807-9fb2-42db-97c3-7a91eff8adff}" datafieldname="birthdate" disabled="false" />
                              </cell>
                            </row>
                          </rows>
                        </section>
                      </sections>
                    </column>
                  </columns>
                </tab>
                <tab verticallayout="true" id="{043dc848-5c9b-b5c1-9417-c4c55740395d}" name="step_25" locklevel="0" expanded="true">
                  <labels>
                    <label description="Work Information" languagecode="1033" />
                  </labels>
                  <tabheader id="{f1550be0-8bb1-4a36-bd62-c3d4c017663c}">
                    <rows />
                  </tabheader>
                  <tabfooter id="{bd181cd2-00b4-415f-9a2d-c2d3c0f5b144}">
                    <rows>
                      <row>
                        <cell id="{213e45ca-c4d7-4fe4-9215-01179f5663e3}">
                          <labels>
                            <label description="Back" languagecode="1033" />
                          </labels>
                          <control id="043dc848-5c9b-b5c1-9417-c4c55740395d_back" datafieldname="043dc848-5c9b-b5c1-9417-c4c55740395d_back" classid="{00ad73da-bd4d-49c6-88a8-2f4f4cad4a20}" isunbound="true" />
                        </cell>
                        <cell id="{82c10112-9da3-4ba1-b787-e623c109b76e}">
                          <labels>
                            <label description="Done" languagecode="1033" />
                          </labels>
                          <control id="043dc848-5c9b-b5c1-9417-c4c55740395d_next" datafieldname="043dc848-5c9b-b5c1-9417-c4c55740395d_next" classid="{00ad73da-bd4d-49c6-88a8-2f4f4cad4a20}" isunbound="true" />
                        </cell>
                      </row>
                    </rows>
                  </tabfooter>
                  <columns>
                    <column width="100%">
                      <sections>
                        <section showbar="false" columns="1" id="{572541b3-4b24-22a4-dd06-804781d98de0}" name="step_25_section1">
                          <labels>
                            <label description="Basic Information" languagecode="1033" />
                          </labels>
                          <rows>
                            <row>
                              <cell id="{224bd215-5ff6-4a29-a15c-8934550b90c8}" showlabel="true" visible="true">
                                <labels>
                                  <label description="Company" languagecode="1033" />
                                </labels>
                                <control id="contact_customer_accounts:name" classid="{4273edbd-ac1d-40d3-9fb2-095c621b552d}" datafieldname="name" relationship="contact_customer_accounts" disabled="false" />
                              </cell>
                            </row>
                            <row>
                              <cell id="{e5555391-9783-12c3-d3c3-c8118609a8e7}" showlabel="true" visible="true">
                                <labels>
                                  <label description="Parent Account" languagecode="1033" />
                                </labels>
                                <control id="contact_customer_accounts:parentaccountid" classid="{270bd3db-d9af-4782-9025-509e298dec0a}" datafieldname="parentaccountid" relationship="contact_customer_accounts" disabled="false" />
                              </cell>
                            </row>
                            <row>
                              <cell id="{abaaba89-ce23-e6c3-be5e-9633624039cd}" showlabel="true" visible="true">
                                <labels>
                                  <label description="Industry" languagecode="1033" />
                                </labels>
                                <control id="contact_customer_accounts:industrycode" classid="{3ef39988-22bb-4f0b-bbbe-64b5a3748aee}" datafieldname="industrycode" relationship="contact_customer_accounts" disabled="false" />
                              </cell>
                            </row>
                          </rows>
                        </section>
                        <section showbar="false" columns="1" id="{36e2bc43-1028-405b-9fb8-c3af6ba2f831}" name="step_25_section1_3">
                          <labels>
                            <label description="Communication Information" languagecode="1033" />
                          </labels>
                          <rows>
                            <row>
                              <cell id="{58aa1140-4259-443d-7aac-b910dd7535e9}" showlabel="true" visible="true">
                                <labels>
                                  <label description="Office Phone" languagecode="1033" />
                                </labels>
                                <control id="contact_customer_accounts:telephone1" classid="{4273edbd-ac1d-40d3-9fb2-095c621b552d}" datafieldname="telephone1" relationship="contact_customer_accounts" disabled="false" />
                              </cell>
                            </row>
                            <row>
                              <cell id="{959cb776-33e8-c9a1-4729-31a1311ede28}" showlabel="true" visible="true">
                                <labels>
                                  <label description="Website" languagecode="1033" />
                                </labels>
                                <control id="contact_customer_accounts:websiteurl" classid="{71716b6c-711e-476c-8ab8-5d11542bfb47}" datafieldname="websiteurl" relationship="contact_customer_accounts" disabled="false" />
                              </cell>
                            </row>
                          </rows>
                        </section>
                      </sections>
                    </column>
                  </columns>
                </tab>
              </tabs>
            </form>
            <LocalizedNames>
              <LocalizedName description="Update Contact" languagecode="1033" />
            </LocalizedNames>
          </systemform>
        </forms>
      </FormXml>
      <RibbonDiffXml>
        <CustomActions />
        <Templates>
          <RibbonTemplates Id="Mscrm.Templates"></RibbonTemplates>
        </Templates>
        <CommandDefinitions />
        <RuleDefinitions>
          <TabDisplayRules />
          <DisplayRules />
          <EnableRules />
        </RuleDefinitions>
        <LocLabels />
      </RibbonDiffXml>
    </Entity>
    <Entity>
      <Name LocalizedName="EEO Case Contact" OriginalName="EEO Case Contact">govcdm_eeocasecontact</Name>
      <EntityInfo>
        <entity Name="govcdm_eeocasecontact" unmodified="1">
          <attributes />
        </entity>
      </EntityInfo>
      <RibbonDiffXml>
        <CustomActions />
        <Templates>
          <RibbonTemplates Id="Mscrm.Templates"></RibbonTemplates>
        </Templates>
        <CommandDefinitions />
        <RuleDefinitions>
          <TabDisplayRules />
          <DisplayRules />
          <EnableRules />
        </RuleDefinitions>
        <LocLabels />
      </RibbonDiffXml>
    </Entity>
    <Entity>
      <Name LocalizedName="EEO Case" OriginalName="EEO Case">govcdm_eeoinformalcomplaint</Name>
      <EntityInfo>
        <entity Name="govcdm_eeoinformalcomplaint">
          <attributes>
            <attribute PhysicalName="govcdm_eeoinformalcomplaintId">
              <Type>primarykey</Type>
              <Name>govcdm_eeoinformalcomplaintid</Name>
              <LogicalName>govcdm_eeoinformalcomplaintid</LogicalName>
              <RequiredLevel>systemrequired</RequiredLevel>
              <DisplayMask>ValidForAdvancedFind|RequiredForGrid</DisplayMask>
              <ImeMode>auto</ImeMode>
              <ValidForUpdateApi>0</ValidForUpdateApi>
              <ValidForReadApi>1</ValidForReadApi>
              <ValidForCreateApi>1</ValidForCreateApi>
              <IsCustomField>0</IsCustomField>
              <IsAuditEnabled>0</IsAuditEnabled>
              <IsSecured>0</IsSecured>
              <IntroducedVersion>1.0.0.0</IntroducedVersion>
              <IsCustomizable>1</IsCustomizable>
              <IsRenameable>1</IsRenameable>
              <CanModifySearchSettings>1</CanModifySearchSettings>
              <CanModifyRequirementLevelSettings>0</CanModifyRequirementLevelSettings>
              <CanModifyAdditionalSettings>1</CanModifyAdditionalSettings>
              <SourceType>0</SourceType>
              <IsGlobalFilterEnabled>0</IsGlobalFilterEnabled>
              <IsSortableEnabled>0</IsSortableEnabled>
              <CanModifyGlobalFilterSettings>1</CanModifyGlobalFilterSettings>
              <CanModifyIsSortableSettings>1</CanModifyIsSortableSettings>
              <IsDataSourceSecret>0</IsDataSourceSecret>
              <AutoNumberFormat></AutoNumberFormat>
              <IsSearchable>0</IsSearchable>
              <IsFilterable>1</IsFilterable>
              <IsRetrievable>1</IsRetrievable>
              <IsLocalizable>0</IsLocalizable>
              <displaynames>
                <displayname description="EEO Case" languagecode="1033" />
              </displaynames>
              <Descriptions>
                <Description description="Unique identifier for entity instances" languagecode="1033" />
              </Descriptions>
            </attribute>
            <attribute PhysicalName="govcdm_name">
              <Type>nvarchar</Type>
              <Name>govcdm_name</Name>
              <LogicalName>govcdm_name</LogicalName>
              <RequiredLevel>none</RequiredLevel>
              <DisplayMask>ActivityPointerRegardingName|PrimaryName|ValidForAdvancedFind|ValidForForm|ValidForGrid|RequiredForForm</DisplayMask>
              <ImeMode>auto</ImeMode>
              <ValidForUpdateApi>1</ValidForUpdateApi>
              <ValidForReadApi>1</ValidForReadApi>
              <ValidForCreateApi>1</ValidForCreateApi>
              <IsCustomField>1</IsCustomField>
              <IsAuditEnabled>1</IsAuditEnabled>
              <IsSecured>0</IsSecured>
              <IntroducedVersion>1.0.0.0</IntroducedVersion>
              <IsCustomizable>1</IsCustomizable>
              <IsRenameable>1</IsRenameable>
              <CanModifySearchSettings>1</CanModifySearchSettings>
              <CanModifyRequirementLevelSettings>1</CanModifyRequirementLevelSettings>
              <CanModifyAdditionalSettings>1</CanModifyAdditionalSettings>
              <SourceType>0</SourceType>
              <IsGlobalFilterEnabled>0</IsGlobalFilterEnabled>
              <IsSortableEnabled>0</IsSortableEnabled>
              <CanModifyGlobalFilterSettings>1</CanModifyGlobalFilterSettings>
              <CanModifyIsSortableSettings>1</CanModifyIsSortableSettings>
              <IsDataSourceSecret>0</IsDataSourceSecret>
              <AutoNumberFormat></AutoNumberFormat>
              <IsSearchable>1</IsSearchable>
              <IsFilterable>0</IsFilterable>
              <IsRetrievable>1</IsRetrievable>
              <IsLocalizable>0</IsLocalizable>
              <Format>text</Format>
              <MaxLength>100</MaxLength>
              <Length>200</Length>
              <displaynames>
                <displayname description="EEO Case #" languagecode="1033" />
              </displaynames>
              <Descriptions>
                <Description description="The name of the custom entity." languagecode="1033" />
              </Descriptions>
            </attribute>
          </attributes>
        </entity>
      </EntityInfo>
      <SavedQueries>
        <savedqueries>
          <savedquery>
            <IsCustomizable>1</IsCustomizable>
            <CanBeDeleted>0</CanBeDeleted>
            <isquickfindquery>0</isquickfindquery>
            <isprivate>0</isprivate>
            <isdefault>1</isdefault>
            <savedqueryid>{ede001c8-1120-461d-85f4-9f69e0aeb69e}</savedqueryid>
            <layoutxml>
              <grid name="resultset" jump="govcdm_name" select="1" icon="1" preview="1">
                <row name="result" id="govcdm_eeoinformalcomplaintid">
                  <cell name="govcdm_name" width="300" />
                  <cell name="createdon" width="125" />
                </row>
              </grid>
            </layoutxml>
            <querytype>0</querytype>
            <fetchxml>
              <fetch version="1.0" mapping="logical">
                <entity name="govcdm_eeoinformalcomplaint">
                  <attribute name="govcdm_eeoinformalcomplaintid" />
                  <attribute name="govcdm_name" />
                  <attribute name="createdon" />
                  <order attribute="govcdm_name" descending="false" />
                  <filter type="and">
                    <condition attribute="statecode" operator="eq" value="0" />
                  </filter>
                </entity>
              </fetch>
            </fetchxml>
            <IntroducedVersion>1.0.0.3</IntroducedVersion>
            <LocalizedNames>
              <LocalizedName description="Active EEO Cases" languagecode="1033" />
            </LocalizedNames>
          </savedquery>
        </savedqueries>
      </SavedQueries>
      <RibbonDiffXml>
        <CustomActions />
        <Templates>
          <RibbonTemplates Id="Mscrm.Templates"></RibbonTemplates>
        </Templates>
        <CommandDefinitions />
        <RuleDefinitions>
          <TabDisplayRules />
          <DisplayRules />
          <EnableRules />
        </RuleDefinitions>
        <LocLabels />
      </RibbonDiffXml>
    </Entity>
  </Entities>
  <Roles></Roles>
  <Workflows>
    <Workflow WorkflowId="{28920155-1862-4b42-8209-80bce3694773}" Name="Update Contact" Description="Use this task flow to quickly update contact information, including business and personal information. This flow includes information from the related account." unmodified="1" />
  </Workflows>
  <FieldSecurityProfiles></FieldSecurityProfiles>
  <Templates />
  <EntityMaps />
  <EntityRelationships />
  <EnvironmentVariables>
    <Definition IntroducedVersion="1.0.0.0">
      <SchemaName>msdyn_ShouldShowPeekButton</SchemaName>
      <IsRequired>0</IsRequired>
      <Type>100000000</Type>
      <DefaultValue>no</DefaultValue>
      <DisplayName>
        <LocalizedNames>
          <LocalizedName description="Should the Peek Button Be Showed" languagecode="1033" />
        </LocalizedNames>
      </DisplayName>
      <Description>
        <LocalizedNames>
          <LocalizedName description="Should the Peek Button Be Showed" languagecode="1033" />
        </LocalizedNames>
      </Description>
    </Definition>
  </EnvironmentVariables>
  <OrganizationSettings />
  <optionsets />
  <Dashboards>
    <Dashboard unmodified="1">
      <LocalizedNames>
        <LocalizedName description="Organization Insights Dashboard" languagecode="1033" />
      </LocalizedNames>
      <Descriptions>
        <Description description="Insights into activities and performance for your Microsoft Dynamics 365 organization." languagecode="1033" />
      </Descriptions>
      <FormId>{9de2de6f-1b31-4b2f-be64-db1fe3eeda7c}</FormId>
    </Dashboard>
  </Dashboards>
  <InteractionCentricDashboards>
    <InteractionCentricDashboard unmodified="1">
      <LocalizedNames>
        <LocalizedName description="My Knowledge Dashboard" languagecode="1033" />
      </LocalizedNames>
      <Descriptions>
        <Description description="Shows an interaction centric dashboard for KnowledgeArticles." languagecode="1033" />
      </Descriptions>
      <FormId>{a104b835-9f3b-e511-80d1-00155db10d2b}</FormId>
    </InteractionCentricDashboard>
  </InteractionCentricDashboards>
  <CustomControls />
  <EntityDataProviders />
  <Languages>
    <Language>1033</Language>
  </Languages>
</ImportExportXml>