<ImportExportXml version="9.1.0.24350" SolutionPackageVersion="9.1" languagecode="1033" generatedBy="CrmLive" xmlns:xsi="http://www.w3.org/2001/XMLSchema-instance">
  <SolutionManifest>
    <UniqueName>US1000</UniqueName>
    <LocalizedNames>
      <LocalizedName description="US-1000" languagecode="1033" />
    </LocalizedNames>
    <Descriptions />
    <Version>1.0.0.2</Version>
    <Managed>0</Managed>
    <Publisher>
      <UniqueName>DefaultPublishere2sandbox</UniqueName>
      <LocalizedNames>
        <LocalizedName description="Default Publisher for e2-sandbox" languagecode="1033" />
      </LocalizedNames>
      <Descriptions>
        <Description description="Default publisher for this organization" languagecode="1033" />
      </Descriptions>
      <EMailAddress xsi:nil="true"></EMailAddress>
      <SupportingWebsiteUrl xsi:nil="true"></SupportingWebsiteUrl>
      <CustomizationPrefix>new</CustomizationPrefix>
      <CustomizationOptionValuePrefix>10000</CustomizationOptionValuePrefix>
      <Addresses>
        <Address>
          <AddressNumber>1</AddressNumber>
          <AddressTypeCode xsi:nil="true"></AddressTypeCode>
          <City xsi:nil="true"></City>
          <County xsi:nil="true"></County>
          <Country xsi:nil="true"></Country>
          <Fax xsi:nil="true"></Fax>
          <FreightTermsCode xsi:nil="true"></FreightTermsCode>
          <ImportSequenceNumber xsi:nil="true"></ImportSequenceNumber>
          <Latitude xsi:nil="true"></Latitude>
          <Line1 xsi:nil="true"></Line1>
          <Line2 xsi:nil="true"></Line2>
          <Line3 xsi:nil="true"></Line3>
          <Longitude xsi:nil="true"></Longitude>
          <Name xsi:nil="true"></Name>
          <PostalCode xsi:nil="true"></PostalCode>
          <PostOfficeBox xsi:nil="true"></PostOfficeBox>
          <PrimaryContactName xsi:nil="true"></PrimaryContactName>
          <ShippingMethodCode xsi:nil="true"></ShippingMethodCode>
          <StateOrProvince xsi:nil="true"></StateOrProvince>
          <Telephone1 xsi:nil="true"></Telephone1>
          <Telephone2 xsi:nil="true"></Telephone2>
          <Telephone3 xsi:nil="true"></Telephone3>
          <TimeZoneRuleVersionNumber xsi:nil="true"></TimeZoneRuleVersionNumber>
          <UPSZone xsi:nil="true"></UPSZone>
          <UTCOffset xsi:nil="true"></UTCOffset>
          <UTCConversionTimeZoneCode xsi:nil="true"></UTCConversionTimeZoneCode>
        </Address>
        <Address>
          <AddressNumber>2</AddressNumber>
          <AddressTypeCode xsi:nil="true"></AddressTypeCode>
          <City xsi:nil="true"></City>
          <County xsi:nil="true"></County>
          <Country xsi:nil="true"></Country>
          <Fax xsi:nil="true"></Fax>
          <FreightTermsCode xsi:nil="true"></FreightTermsCode>
          <ImportSequenceNumber xsi:nil="true"></ImportSequenceNumber>
          <Latitude xsi:nil="true"></Latitude>
          <Line1 xsi:nil="true"></Line1>
          <Line2 xsi:nil="true"></Line2>
          <Line3 xsi:nil="true"></Line3>
          <Longitude xsi:nil="true"></Longitude>
          <Name xsi:nil="true"></Name>
          <PostalCode xsi:nil="true"></PostalCode>
          <PostOfficeBox xsi:nil="true"></PostOfficeBox>
          <PrimaryContactName xsi:nil="true"></PrimaryContactName>
          <ShippingMethodCode xsi:nil="true"></ShippingMethodCode>
          <StateOrProvince xsi:nil="true"></StateOrProvince>
          <Telephone1 xsi:nil="true"></Telephone1>
          <Telephone2 xsi:nil="true"></Telephone2>
          <Telephone3 xsi:nil="true"></Telephone3>
          <TimeZoneRuleVersionNumber xsi:nil="true"></TimeZoneRuleVersionNumber>
          <UPSZone xsi:nil="true"></UPSZone>
          <UTCOffset xsi:nil="true"></UTCOffset>
          <UTCConversionTimeZoneCode xsi:nil="true"></UTCConversionTimeZoneCode>
        </Address>
      </Addresses>
    </Publisher>
    <RootComponents>
      <RootComponent type="1" schemaName="contact" behavior="2" />
      <RootComponent type="1" schemaName="govcdm_eeocasecontact" behavior="2" />
      <RootComponent type="1" schemaName="govcdm_eeoinformalcomplaint" behavior="2" />
      <RootComponent type="29" id="{28920155-1862-4b42-8209-80bce3694773}" behavior="0" />
      <RootComponent type="60" id="{26843818-6508-4afe-9342-5fae2ebf15ca}" />
      <RootComponent type="60" id="{9de2de6f-1b31-4b2f-be64-db1fe3eeda7c}" behavior="0" />
      <RootComponent type="60" id="{a104b835-9f3b-e511-80d1-00155db10d2b}" behavior="0" />
      <RootComponent type="380" schemaName="msdyn_ShouldShowPeekButton" behavior="0" />
    </RootComponents>
    <MissingDependencies>
      <MissingDependency>
        <Required key="0" type="1" schemaName="govcdm_eeoinformalcomplaint" displayName="EEO Case" solution="Active" />
        <Dependent key="0" type="1" schemaName="govcdm_eeoinformalcomplaint" displayName="EEO Case" />
      </MissingDependency>
      <MissingDependency>
        <Required key="1" type="1" schemaName="govcdm_eeocasecontact" displayName="EEO Case Contact" solution="Active" />
        <Dependent key="1" type="1" schemaName="govcdm_eeocasecontact" displayName="EEO Case Contact" />
      </MissingDependency>
      <MissingDependency>
        <Required key="2" type="2" schemaName="createdon" displayName="Created On" parentSchemaName="govcdm_eeoinformalcomplaint" parentDisplayName="EEO Case" solution="Active" />
        <Dependent key="3" type="26" schemaName="Active EEO Cases" displayName="Active EEO Cases" parentSchemaName="govcdm_eeoinformalcomplaint" parentDisplayName="EEO Case" id="{ede001c8-1120-461d-85f4-9f69e0aeb69e}" />
      </MissingDependency>
      <MissingDependency>
        <Required key="4" type="2" schemaName="statecode" displayName="Status" parentSchemaName="govcdm_eeoinformalcomplaint" parentDisplayName="EEO Case" solution="Active" />
        <Dependent key="3" type="26" schemaName="Active EEO Cases" displayName="Active EEO Cases" parentSchemaName="govcdm_eeoinformalcomplaint" parentDisplayName="EEO Case" id="{ede001c8-1120-461d-85f4-9f69e0aeb69e}" />
      </MissingDependency>
      <MissingDependency>
        <Required key="5" type="29" displayName="Update Contact" solution="msdynce_AppCommon (9.0.4.0066)" id="{28920155-1862-4b42-8209-80bce3694773}" />
        <Dependent key="5" type="29" displayName="Update Contact" id="{28920155-1862-4b42-8209-80bce3694773}" />
      </MissingDependency>
      <MissingDependency>
        <Required key="6" type="60" displayName="Update Contact" parentDisplayName="Contact" solution="msdynce_AppCommon (9.0.4.0066)" id="{26843818-6508-4afe-9342-5fae2ebf15ca}" />
        <Dependent key="6" type="60" displayName="Update Contact" parentDisplayName="Contact" id="{26843818-6508-4afe-9342-5fae2ebf15ca}" />
      </MissingDependency>
      <MissingDependency>
        <Required key="7" type="380" schemaName="msdyn_ShouldShowPeekButton" solution="msdynce_ServiceManagementControlsExtension (9.1.20094.3022)" />
        <Dependent key="7" type="380" schemaName="msdyn_ShouldShowPeekButton" />
      </MissingDependency>
    </MissingDependencies>
  </SolutionManifest>
</ImportExportXml>