{"properties":{"connectionReferences":{"shared_commondataserviceforapps":{"runtimeSource":"embedded","connection":{"connectionReferenceLogicalName":"new_sharedcommondataserviceforapps_75f93"},"api":{"name":"shared_commondataserviceforapps"}}},"definition":{"$schema":"https://schema.management.azure.com/providers/Microsoft.Logic/schemas/2016-06-01/workflowdefinition.json#","contentVersion":"1.0.0.0","parameters":{"$connections":{"defaultValue":{},"type":"Object"},"$authentication":{"defaultValue":{},"type":"SecureObject"}},"triggers":{"When_a_record_is_created,_updated_or_deleted":{"type":"OpenApiConnectionWebhook","inputs":{"host":{"connectionName":"shared_commondataserviceforapps","operationId":"SubscribeWebhookTrigger","apiId":"/providers/Microsoft.PowerApps/apis/shared_commondataserviceforapps"},"parameters":{"subscriptionRequest/message":1,"subscriptionRequest/entityname":"account","subscriptionRequest/scope":4},"authentication":"@parameters('$authentication')"}}},"actions":{"Condition":{"actions":{},"runAfter":{},"expression":{"equals":["",""]},"type":"If"}},"outputs":{}}},"schemaVersion":"1.0.0.0"}