﻿<?xml version="1.0" encoding="utf-8"?>
<ImportExportXml xmlns:xsi="http://www.w3.org/2001/XMLSchema-instance">
  <Entities>
    <Entity>
      <Name LocalizedName="Contact" OriginalName="">Contact</Name>
      <EntityInfo>
        <entity Name="Contact" unmodified="1">
          <attributes />
        </entity>
      </EntityInfo>
      <RibbonDiffXml>
        <CustomActions />
        <Templates>
          <RibbonTemplates Id="Mscrm.Templates"></RibbonTemplates>
        </Templates>
        <CommandDefinitions />
        <RuleDefinitions>
          <TabDisplayRules />
          <DisplayRules />
          <EnableRules />
        </RuleDefinitions>
        <LocLabels />
      </RibbonDiffXml>
    </Entity>
  </Entities>
  <Roles />
  <Workflows />
  <FieldSecurityProfiles />
  <Templates />
  <SiteMap />
  <EntityMaps />
  <EntityRelationships />
  <OrganizationSettings />
  <optionsets />
  <Reports />
  <InteractionCentricDashboards />
  <WebResources />
  <CustomControls />
  <SolutionPluginAssemblies />
  <SdkMessageProcessingSteps />
  <AppModules />
  <EntityDataProviders />
  <CanvasApps />
  <Languages>
    <Language>1033</Language>
  </Languages>
</ImportExportXml>